review,sentiment
I love this product! It works exactly as described and exceeded my expectations.,positive
Terrible experience. The item arrived broken and customer service was useless.,negative
Good quality for the price. Will buy again.,positive
The delivery was late and packaging was poor.,negative
Okay product. Some features are missing but overall acceptable.,neutral
Absolutely fantastic â€” highly recommend to everyone.,positive
Not worth the money. Very disappointed.,negative
Average experience. Nothing special.,neutral
"Exceeded my expectations, great performance and battery life.",positive
Stopped working after a week. Returning it.,negative
Customer support helped me quickly resolve the issue.,positive
The app crashes often and is full of bugs.,negative
Design is nice but the functionality is limited.,neutral
Five stars. Excellent value and quality.,positive
One star. Worst purchase I've made.,negative
Decent product but could be improved.,neutral
"Very happy with the purchase, fast shipping.",positive
Poor instructions and difficult setup.,negative
Works fine for basic tasks.,neutral
"Amazing features for the price, love it!",positive
